"vp";"nodd";"rfpbase";"audiofreq";"N";"p";"RT"
"S01";"1";"0,5";"2000";"16";"0,250000000000000";"1,239276856184006"
"S01";"1";"0,5";"2200";"16";"0,375000000000000";"1,481711477041245"
"S01";"1";"0,5";"2400";"16";"0,375000000000000";"1,619934201240540"
"S01";"1";"1,5";"2000";"16";"0,562500000000000";"1,529613494873047"
"S01";"1";"1,5";"2200";"16";"0,687500000000000";"1,435306116938591"
"S01";"1";"1,5";"2400";"16";"0,750000000000000";"1,301257506012917"
"S01";"3";"0,5";"2000";"16";"0,375000000000000";"1,472201645374298"
"S01";"3";"0,5";"2200";"16";"0,250000000000000";"1,326214611530304"
"S01";"3";"0,5";"2400";"16";"0,312500000000000";"1,451451241970062"
"S01";"3";"1,5";"2000";"16";"0,687500000000000";"1,089528694748878"
"S01";"3";"1,5";"2200";"16";"0,750000000000000";"1,696614310145378"
"S01";"3";"1,5";"2400";"16";"0,687500000000000";"1,456765606999397"
"S01";"5";"0,5";"2000";"16";"0,437500000000000";"1,316686347126961"
"S01";"5";"0,5";"2200";"16";"0,500000000000000";"1,712299868464470"
"S01";"5";"0,5";"2400";"16";"0,625000000000000";"1,804981425404549"
"S01";"5";"1,5";"2000";"16";"0,625000000000000";"1,679330244660378"
"S01";"5";"1,5";"2200";"16";"0,750000000000000";"1,384912610054016"
"S01";"5";"1,5";"2400";"16";"0,812500000000000";"1,506269156932831"
"S01";"7";"0,5";"2000";"16";"0,625000000000000";"1,823693722486496"
"S01";"7";"0,5";"2200";"16";"0,187500000000000";"1,322035580873489"
"S01";"7";"0,5";"2400";"16";"0,375000000000000";"1,294261410832405"
"S01";"7";"1,5";"2000";"16";"0,750000000000000";"1,848802402615547"
"S01";"7";"1,5";"2200";"16";"0,812500000000000";"1,212445035576820"
"S01";"7";"1,5";"2400";"16";"0,937500000000000";"1,515707060694695"
"S01";"9";"0,5";"2000";"16";"0,437500000000000";"1,813908755779266"
"S01";"9";"0,5";"2200";"16";"0,187500000000000";"1,692656278610229"
"S01";"9";"0,5";"2400";"16";"0,500000000000000";"1,350327268242836"
"S01";"9";"1,5";"2000";"16";"0,750000000000000";"1,723445788025856"
"S01";"9";"1,5";"2200";"16";"0,937500000000000";"1,838836818933487"
"S01";"9";"1,5";"2400";"16";"0,750000000000000";"1,516003325581551"
"S01";"11";"0,5";"2000";"16";"0,500000000000000";"1,372184351086617"
"S01";"11";"0,5";"2200";"16";"0,625000000000000";"1,511347308754921"
"S01";"11";"0,5";"2400";"16";"0,312500000000000";"1,174934342503548"
"S01";"11";"1,5";"2000";"16";"0,812500000000000";"1,323998302221298"
"S01";"11";"1,5";"2200";"16";"0,625000000000000";"1,314367666840553"
"S01";"11";"1,5";"2400";"16";"0,937500000000000";"1,304436624050140"
"S03";"1";"0,5";"2000";"16";"0,062500000000000";"1,656509533524513"
"S03";"1";"0,5";"2200";"16";"0,187500000000000";"1,658011093735695"
"S03";"1";"0,5";"2400";"16";"0,187500000000000";"1,119582533836365"
"S03";"1";"1,5";"2000";"16";"0,812500000000000";"1,210015863180161"
"S03";"1";"1,5";"2200";"16";"0,875000000000000";"1,522165641188622"
"S03";"1";"1,5";"2400";"16";"0,875000000000000";"1,255074143409729"
"S03";"3";"0,5";"2000";"16";"0,187500000000000";"1,428074821829796"
"S03";"3";"0,5";"2200";"16";"0,125000000000000";"1,814329653978348"
"S03";"3";"0,5";"2400";"16";"0,062500000000000";"1,677288219332695"
"S03";"3";"1,5";"2000";"16";"0,812500000000000";"1,162763476371765"
"S03";"3";"1,5";"2200";"16";"0,812500000000000";"1,388769686222076"
"S03";"3";"1,5";"2400";"16";"0,937500000000000";"1,287919983267784"
"S03";"5";"0,5";"2000";"16";"0,250000000000000";"1,367477700114250"
"S03";"5";"0,5";"2200";"16";"0,062500000000000";"1,356482014060020"
"S03";"5";"0,5";"2400";"16";"0,250000000000000";"1,488231688737869"
"S03";"5";"1,5";"2000";"16";"0,875000000000000";"1,488766670227051"
"S03";"5";"1,5";"2200";"16";"0,937500000000000";"1,362462803721428"
"S03";"5";"1,5";"2400";"16";"0,875000000000000";"1,317481204867363"
"S03";"7";"0,5";"2000";"16";"0,062500000000000";"1,383203580975533"
"S03";"7";"0,5";"2200";"16";"0,000000000000000";"1,585578814148903"
"S03";"7";"0,5";"2400";"16";"0,187500000000000";"0,991934627294540"
"S03";"7";"1,5";"2000";"16";"0,937500000000000";"1,356188252568245"
"S03";"7";"1,5";"2200";"16";"1,000000000000000";"1,045422285795212"
"S03";"7";"1,5";"2400";"16";"0,937500000000000";"1,258349835872650"
"S03";"9";"0,5";"2000";"16";"0,062500000000000";"1,654174238443375"
"S03";"9";"0,5";"2200";"16";"0,000000000000000";"1,217612102627754"
"S03";"9";"0,5";"2400";"16";"0,250000000000000";"1,222785860300064"
"S03";"9";"1,5";"2000";"16";"0,937500000000000";"1,345719590783119"
"S03";"9";"1,5";"2200";"16";"0,875000000000000";"1,607605755329132"
"S03";"9";"1,5";"2400";"16";"0,875000000000000";"1,505640983581543"
"S03";"11";"0,5";"2000";"16";"0,000000000000000";"1,370736271142960"
"S03";"11";"0,5";"2200";"16";"0,187500000000000";"1,106784403324127"
"S03";"11";"0,5";"2400";"16";"0,187500000000000";"1,337879255414009"
"S03";"11";"1,5";"2000";"16";"1,000000000000000";"1,420000642538071"
"S03";"11";"1,5";"2200";"16";"0,812500000000000";"1,252420470118523"
"S03";"11";"1,5";"2400";"16";"0,875000000000000";"1,158266216516495"
"S04";"1";"0,5";"2000";"16";"0,187500000000000";"1,188518434762955"
"S04";"1";"0,5";"2200";"16";"0,187500000000000";"0,986328884959221"
"S04";"1";"0,5";"2400";"16";"0,250000000000000";"0,998834177851677"
"S04";"1";"1,5";"2000";"16";"0,875000000000000";"1,248918443918228"
"S04";"1";"1,5";"2200";"16";"0,875000000000000";"1,903035148978233"
"S04";"1";"1,5";"2400";"16";"1,000000000000000";"0,975022673606873"
"S04";"3";"0,5";"2000";"16";"0,250000000000000";"1,283540129661560"
"S04";"3";"0,5";"2200";"16";"0,250000000000000";"1,130004435777664"
"S04";"3";"0,5";"2400";"16";"0,250000000000000";"1,036496102809906"
"S04";"3";"1,5";"2000";"16";"1,000000000000000";"0,979553624987602"
"S04";"3";"1,5";"2200";"16";"0,937500000000000";"1,081869378685951"
"S04";"3";"1,5";"2400";"16";"1,000000000000000";"1,148672565817833"
"S04";"5";"0,5";"2000";"16";"0,250000000000000";"1,036122366786003"
"S04";"5";"0,5";"2200";"16";"0,312500000000000";"1,143748208880424"
"S04";"5";"0,5";"2400";"16";"0,437500000000000";"1,130713507533073"
"S04";"5";"1,5";"2000";"16";"0,812500000000000";"0,996771201491356"
"S04";"5";"1,5";"2200";"16";"1,000000000000000";"1,066758766770363"
"S04";"5";"1,5";"2400";"16";"1,000000000000000";"1,127673953771591"
"S04";"7";"0,5";"2000";"16";"0,375000000000000";"1,114858731627464"
"S04";"7";"0,5";"2200";"16";"0,312500000000000";"1,104604482650757"
"S04";"7";"0,5";"2400";"16";"0,187500000000000";"1,036493077874184"
"S04";"7";"1,5";"2000";"16";"0,875000000000000";"1,032876402139664"
"S04";"7";"1,5";"2200";"16";"0,937500000000000";"1,110152557492256"
"S04";"7";"1,5";"2400";"16";"0,937500000000000";"1,051181599497795"
"S04";"9";"0,5";"2000";"16";"0,437500000000000";"1,275809049606323"
"S04";"9";"0,5";"2200";"16";"0,375000000000000";"1,010338649153709"
"S04";"9";"0,5";"2400";"16";"0,437500000000000";"1,133158817887306"
"S04";"9";"1,5";"2000";"16";"0,875000000000000";"1,003652662038803"
"S04";"9";"1,5";"2200";"16";"1,000000000000000";"1,024789631366730"
"S04";"9";"1,5";"2400";"16";"0,875000000000000";"0,986821845173836"
"S04";"11";"0,5";"2000";"16";"0,312500000000000";"1,021499559283257"
"S04";"11";"0,5";"2200";"16";"0,375000000000000";"1,051314577460289"
"S04";"11";"0,5";"2400";"16";"0,250000000000000";"1,001181989908218"
"S04";"11";"1,5";"2000";"16";"0,750000000000000";"1,013905763626099"
"S04";"11";"1,5";"2200";"16";"1,000000000000000";"1,062349930405617"
"S04";"11";"1,5";"2400";"16";"0,937500000000000";"1,053958207368851"
"S05";"1";"0,5";"2000";"16";"0,187500000000000";"1,598486512899399"
"S05";"1";"0,5";"2200";"16";"0,375000000000000";"1,215681925415993"
"S05";"1";"0,5";"2400";"16";"0,312500000000000";"1,352592155337334"
"S05";"1";"1,5";"2000";"16";"0,750000000000000";"1,318020656704903"
"S05";"1";"1,5";"2200";"16";"0,750000000000000";"1,513182729482651"
"S05";"1";"1,5";"2400";"16";"0,812500000000000";"1,278738006949425"
"S05";"3";"0,5";"2000";"16";"0,125000000000000";"1,420028194785118"
"S05";"3";"0,5";"2200";"16";"0,187500000000000";"1,334030747413635"
"S05";"3";"0,5";"2400";"16";"0,187500000000000";"1,165421813726425"
"S05";"3";"1,5";"2000";"16";"0,812500000000000";"1,319925442337990"
"S05";"3";"1,5";"2200";"16";"0,937500000000000";"1,434812501072884"
"S05";"3";"1,5";"2400";"16";"0,687500000000000";"1,182726979255676"
"S05";"5";"0,5";"2000";"16";"0,125000000000000";"1,147573024034500"
"S05";"5";"0,5";"2200";"16";"0,187500000000000";"1,630592957139015"
"S05";"5";"0,5";"2400";"16";"0,375000000000000";"1,367036595940590"
"S05";"5";"1,5";"2000";"16";"0,812500000000000";"1,493217945098877"
"S05";"5";"1,5";"2200";"16";"0,812500000000000";"1,537097901105881"
"S05";"5";"1,5";"2400";"16";"0,875000000000000";"1,283572271466255"
"S05";"7";"0,5";"2000";"16";"0,187500000000000";"1,255704045295715"
"S05";"7";"0,5";"2200";"16";"0,312500000000000";"1,622092083096504"
"S05";"7";"0,5";"2400";"16";"0,375000000000000";"1,680227532982826"
"S05";"7";"1,5";"2000";"16";"0,687500000000000";"1,475848004221916"
"S05";"7";"1,5";"2200";"16";"0,875000000000000";"1,515838712453842"
"S05";"7";"1,5";"2400";"16";"0,875000000000000";"1,951871320605278"
"S05";"9";"0,5";"2000";"16";"0,187500000000000";"1,330534398555756"
"S05";"9";"0,5";"2200";"16";"0,187500000000000";"1,234791383147240"
"S05";"9";"0,5";"2400";"16";"0,062500000000000";"1,257961198687553"
"S05";"9";"1,5";"2000";"16";"0,750000000000000";"1,238340795040131"
"S05";"9";"1,5";"2200";"16";"0,812500000000000";"1,827929988503456"
"S05";"9";"1,5";"2400";"16";"0,812500000000000";"1,435755342245102"
"S05";"11";"0,5";"2000";"16";"0,187500000000000";"1,203196525573730"
"S05";"11";"0,5";"2200";"16";"0,250000000000000";"1,302360236644745"
"S05";"11";"0,5";"2400";"16";"0,125000000000000";"1,596736758947372"
"S05";"11";"1,5";"2000";"16";"0,875000000000000";"1,347695291042328"
"S05";"11";"1,5";"2200";"16";"0,875000000000000";"1,429319083690643"
"S05";"11";"1,5";"2400";"16";"0,875000000000000";"1,745754882693291"
"S06";"1";"0,5";"2000";"16";"0,187500000000000";"1,190592914819717"
"S06";"1";"0,5";"2200";"16";"0,250000000000000";"1,403736546635628"
"S06";"1";"0,5";"2400";"16";"0,125000000000000";"1,374048247933388"
"S06";"1";"1,5";"2000";"16";"0,812500000000000";"1,425140067934990"
"S06";"1";"1,5";"2200";"16";"0,875000000000000";"1,366178929805756"
"S06";"1";"1,5";"2400";"16";"0,750000000000000";"1,329898282885551"
"S06";"3";"0,5";"2000";"16";"0,312500000000000";"1,708144307136536"
"S06";"3";"0,5";"2200";"16";"0,187500000000000";"1,310895010828972"
"S06";"3";"0,5";"2400";"16";"0,500000000000000";"1,292181208729744"
"S06";"3";"1,5";"2000";"16";"0,875000000000000";"1,445018604397774"
"S06";"3";"1,5";"2200";"16";"0,875000000000000";"1,349620923399925"
"S06";"3";"1,5";"2400";"16";"0,687500000000000";"1,503712385892868"
"S06";"5";"0,5";"2000";"16";"0,375000000000000";"1,235924184322357"
"S06";"5";"0,5";"2200";"16";"0,750000000000000";"2,194602712988853"
"S06";"5";"0,5";"2400";"16";"0,250000000000000";"1,825931951403618"
"S06";"5";"1,5";"2000";"16";"0,687500000000000";"1,420457750558853"
"S06";"5";"1,5";"2200";"16";"0,937500000000000";"1,337331771850586"
"S06";"5";"1,5";"2400";"16";"0,750000000000000";"1,778510123491287"
"S06";"7";"0,5";"2000";"16";"0,562500000000000";"1,470366641879082"
"S06";"7";"0,5";"2200";"16";"0,375000000000000";"1,910748422145844"
"S06";"7";"0,5";"2400";"16";"0,375000000000000";"1,458152413368225"
"S06";"7";"1,5";"2000";"16";"0,812500000000000";"1,222569659352303"
"S06";"7";"1,5";"2200";"16";"0,812500000000000";"1,518597677350044"
"S06";"7";"1,5";"2400";"16";"0,687500000000000";"1,482644528150558"
"S06";"9";"0,5";"2000";"16";"0,250000000000000";"1,433852672576904"
"S06";"9";"0,5";"2200";"16";"0,562500000000000";"1,131573081016541"
"S06";"9";"0,5";"2400";"16";"0,375000000000000";"1,588969722390175"
"S06";"9";"1,5";"2000";"16";"0,750000000000000";"1,539374142885208"
"S06";"9";"1,5";"2200";"16";"0,812500000000000";"1,566561669111252"
"S06";"9";"1,5";"2400";"16";"0,750000000000000";"1,422127023339272"
"S06";"11";"0,5";"2000";"16";"0,250000000000000";"1,790263012051582"
"S06";"11";"0,5";"2200";"16";"0,187500000000000";"1,517823427915573"
"S06";"11";"0,5";"2400";"16";"0,375000000000000";"1,159476742148399"
"S06";"11";"1,5";"2000";"16";"0,687500000000000";"1,615483209490776"
"S06";"11";"1,5";"2200";"16";"0,812500000000000";"1,638106241822243"
"S06";"11";"1,5";"2400";"16";"0,875000000000000";"1,245938956737518"
"S07";"1";"0,5";"2000";"16";"0,062500000000000";"1,142468705773354"
"S07";"1";"0,5";"2200";"16";"0,312500000000000";"1,545124560594559"
"S07";"1";"0,5";"2400";"16";"0,125000000000000";"1,149165838956833"
"S07";"1";"1,5";"2000";"16";"1,000000000000000";"1,184603631496429"
"S07";"1";"1,5";"2200";"16";"1,000000000000000";"1,345615327358246"
"S07";"1";"1,5";"2400";"16";"1,000000000000000";"1,213760539889336"
"S07";"3";"0,5";"2000";"16";"0,187500000000000";"1,104403406381607"
"S07";"3";"0,5";"2200";"16";"0,250000000000000";"1,333285018801689"
"S07";"3";"0,5";"2400";"16";"0,000000000000000";"1,229102090001106"
"S07";"3";"1,5";"2000";"16";"1,000000000000000";"1,204929158091545"
"S07";"3";"1,5";"2200";"16";"0,937500000000000";"1,084097012877464"
"S07";"3";"1,5";"2400";"16";"0,875000000000000";"1,121611282229424"
"S07";"5";"0,5";"2000";"16";"0,250000000000000";"1,262937873601913"
"S07";"5";"0,5";"2200";"16";"0,125000000000000";"1,222118213772774"
"S07";"5";"0,5";"2400";"16";"0,312500000000000";"1,276893302798271"
"S07";"5";"1,5";"2000";"16";"1,000000000000000";"1,159110084176064"
"S07";"5";"1,5";"2200";"16";"0,937500000000000";"1,249961435794830"
"S07";"5";"1,5";"2400";"16";"1,000000000000000";"1,155083686113358"
"S07";"7";"0,5";"2000";"16";"0,250000000000000";"1,325428247451782"
"S07";"7";"0,5";"2200";"16";"0,125000000000000";"1,398034185171127"
"S07";"7";"0,5";"2400";"16";"0,437500000000000";"1,362680971622467"
"S07";"7";"1,5";"2000";"16";"1,000000000000000";"1,230265364050865"
"S07";"7";"1,5";"2200";"16";"0,937500000000000";"1,367002472281456"
"S07";"7";"1,5";"2400";"16";"0,937500000000000";"1,187646806240082"
"S07";"9";"0,5";"2000";"16";"0,125000000000000";"1,287813067436218"
"S07";"9";"0,5";"2200";"16";"0,312500000000000";"1,415216907858849"
"S07";"9";"0,5";"2400";"16";"0,187500000000000";"1,379614010453224"
"S07";"9";"1,5";"2000";"16";"1,000000000000000";"1,133807629346848"
"S07";"9";"1,5";"2200";"16";"0,937500000000000";"1,481453195214272"
"S07";"9";"1,5";"2400";"16";"0,937500000000000";"1,221991658210754"
"S07";"11";"0,5";"2000";"16";"0,187500000000000";"1,238959431648254"
"S07";"11";"0,5";"2200";"16";"0,187500000000000";"1,310649946331978"
"S07";"11";"0,5";"2400";"16";"0,125000000000000";"1,363164603710175"
"S07";"11";"1,5";"2000";"16";"0,812500000000000";"1,400712192058563"
"S07";"11";"1,5";"2200";"16";"1,000000000000000";"1,340865120291710"
"S07";"11";"1,5";"2400";"16";"0,937500000000000";"1,380718350410461"
"S08";"1";"0,5";"2000";"16";"0,500000000000000";"1,746489077806473"
"S08";"1";"0,5";"2200";"16";"0,312500000000000";"1,043769448995590"
"S08";"1";"0,5";"2400";"16";"0,312500000000000";"1,073656439781189"
"S08";"1";"1,5";"2000";"16";"0,937500000000000";"1,132574543356895"
"S08";"1";"1,5";"2200";"16";"1,000000000000000";"1,424947932362556"
"S08";"1";"1,5";"2400";"16";"0,812500000000000";"1,234602347016335"
"S08";"3";"0,5";"2000";"16";"0,500000000000000";"1,184422537684441"
"S08";"3";"0,5";"2200";"16";"0,500000000000000";"1,071437507867813"
"S08";"3";"0,5";"2400";"16";"0,375000000000000";"1,547524124383926"
"S08";"3";"1,5";"2000";"16";"1,000000000000000";"1,539101883769035"
"S08";"3";"1,5";"2200";"16";"0,750000000000000";"1,153653308749199"
"S08";"3";"1,5";"2400";"16";"0,750000000000000";"1,722939506173134"
"S08";"5";"0,5";"2000";"16";"0,437500000000000";"1,245584249496460"
"S08";"5";"0,5";"2200";"16";"0,375000000000000";"1,111884951591492"
"S08";"5";"0,5";"2400";"16";"0,437500000000000";"1,267501294612885"
"S08";"5";"1,5";"2000";"16";"0,875000000000000";"1,327295675873756"
"S08";"5";"1,5";"2200";"16";"0,875000000000000";"1,473590999841690"
"S08";"5";"1,5";"2400";"16";"0,812500000000000";"1,352801129221916"
"S08";"7";"0,5";"2000";"16";"0,375000000000000";"1,071441903710365"
"S08";"7";"0,5";"2200";"16";"0,625000000000000";"1,236131832003593"
"S08";"7";"0,5";"2400";"16";"0,687500000000000";"1,452311530709267"
"S08";"7";"1,5";"2000";"16";"0,875000000000000";"1,160561695694923"
"S08";"7";"1,5";"2200";"16";"0,750000000000000";"0,993431732058525"
"S08";"7";"1,5";"2400";"16";"0,937500000000000";"1,158501639962196"
"S08";"9";"0,5";"2000";"16";"0,437500000000000";"1,491517513990402"
"S08";"9";"0,5";"2200";"16";"0,312500000000000";"1,259569928050041"
"S08";"9";"0,5";"2400";"16";"0,375000000000000";"2,195862069725990"
"S08";"9";"1,5";"2000";"16";"0,937500000000000";"1,186356157064438"
"S08";"9";"1,5";"2200";"16";"0,875000000000000";"1,197467982769012"
"S08";"9";"1,5";"2400";"16";"0,875000000000000";"1,397722005844116"
"S08";"11";"0,5";"2000";"16";"0,562500000000000";"1,228117749094963"
"S08";"11";"0,5";"2200";"16";"0,375000000000000";"1,172333478927612"
"S08";"11";"0,5";"2400";"16";"0,625000000000000";"1,208902716636658"
"S08";"11";"1,5";"2000";"16";"0,937500000000000";"1,021573364734650"
"S08";"11";"1,5";"2200";"16";"0,937500000000000";"1,218005165457726"
"S08";"11";"1,5";"2400";"16";"0,875000000000000";"1,191318675875664"
"S09";"1";"0,5";"2000";"16";"0,187500000000000";"1,513185277581215"
"S09";"1";"0,5";"2200";"16";"0,250000000000000";"1,372736290097237"
"S09";"1";"0,5";"2400";"16";"0,437500000000000";"1,404180243611336"
"S09";"1";"1,5";"2000";"16";"0,937500000000000";"1,212930962443352"
"S09";"1";"1,5";"2200";"16";"0,937500000000000";"1,327029153704643"
"S09";"1";"1,5";"2400";"16";"0,875000000000000";"1,324329510331154"
"S09";"3";"0,5";"2000";"16";"0,250000000000000";"1,386151835322380"
"S09";"3";"0,5";"2200";"16";"0,187500000000000";"1,185546934604645"
"S09";"3";"0,5";"2400";"16";"0,437500000000000";"1,515943884849548"
"S09";"3";"1,5";"2000";"16";"0,812500000000000";"1,305103361606598"
"S09";"3";"1,5";"2200";"16";"0,937500000000000";"1,131206125020981"
"S09";"3";"1,5";"2400";"16";"0,750000000000000";"1,585340440273285"
"S09";"5";"0,5";"2000";"16";"0,375000000000000";"1,063572689890862"
"S09";"5";"0,5";"2200";"16";"0,062500000000000";"1,157818242907524"
"S09";"5";"0,5";"2400";"16";"0,312500000000000";"1,219921514391899"
"S09";"5";"1,5";"2000";"16";"0,875000000000000";"1,280831620097160"
"S09";"5";"1,5";"2200";"16";"1,000000000000000";"1,181490451097488"
"S09";"5";"1,5";"2400";"16";"0,937500000000000";"1,156887277960777"
"S09";"7";"0,5";"2000";"16";"0,562500000000000";"1,706458151340485"
"S09";"7";"0,5";"2200";"16";"0,437500000000000";"1,268300786614418"
"S09";"7";"0,5";"2400";"16";"0,500000000000000";"1,279506623744965"
"S09";"7";"1,5";"2000";"16";"1,000000000000000";"1,110782861709595"
"S09";"7";"1,5";"2200";"16";"1,000000000000000";"1,030326083302498"
"S09";"7";"1,5";"2400";"16";"0,937500000000000";"1,234868839383125"
"S09";"9";"0,5";"2000";"16";"0,437500000000000";"1,281447142362595"
"S09";"9";"0,5";"2200";"16";"0,250000000000000";"1,346442669630051"
"S09";"9";"0,5";"2400";"16";"0,312500000000000";"1,219648689031601"
"S09";"9";"1,5";"2000";"16";"1,000000000000000";"1,132145658135414"
"S09";"9";"1,5";"2200";"16";"0,937500000000000";"1,188680663704872"
"S09";"9";"1,5";"2400";"16";"1,000000000000000";"1,204051241278648"
"S09";"11";"0,5";"2000";"16";"0,375000000000000";"1,156697884202003"
"S09";"11";"0,5";"2200";"16";"0,375000000000000";"1,117682218551636"
"S09";"11";"0,5";"2400";"16";"0,437500000000000";"1,109940648078918"
"S09";"11";"1,5";"2000";"16";"0,937500000000000";"1,686192408204079"
"S09";"11";"1,5";"2200";"16";"0,937500000000000";"1,203628376126289"
"S09";"11";"1,5";"2400";"16";"0,812500000000000";"1,222623541951180"
"S11";"1";"0,5";"2000";"16";"0,375000000000000";"1,758173823356628"
"S11";"1";"0,5";"2200";"16";"0,125000000000000";"1,147960707545280"
"S11";"1";"0,5";"2400";"16";"0,312500000000000";"1,569545418024063"
"S11";"1";"1,5";"2000";"16";"1,000000000000000";"1,092768669128418"
"S11";"1";"1,5";"2200";"16";"0,812500000000000";"1,202093377709389"
"S11";"1";"1,5";"2400";"16";"0,875000000000000";"1,235420331358910"
"S11";"3";"0,5";"2000";"16";"0,312500000000000";"1,377797260880470"
"S11";"3";"0,5";"2200";"16";"0,250000000000000";"1,754059836268425"
"S11";"3";"0,5";"2400";"16";"0,562500000000000";"1,171402022242546"
"S11";"3";"1,5";"2000";"16";"0,750000000000000";"1,411202356219292"
"S11";"3";"1,5";"2200";"16";"0,937500000000000";"1,506828412413597"
"S11";"3";"1,5";"2400";"16";"0,625000000000000";"1,693446233868599"
"S11";"5";"0,5";"2000";"16";"0,562500000000000";"2,383556365966797"
"S11";"5";"0,5";"2200";"16";"0,125000000000000";"1,428912401199341"
"S11";"5";"0,5";"2400";"16";"0,312500000000000";"1,179001212120056"
"S11";"5";"1,5";"2000";"16";"0,937500000000000";"1,873115539550781"
"S11";"5";"1,5";"2200";"16";"0,937500000000000";"1,271965831518173"
"S11";"5";"1,5";"2400";"16";"0,937500000000000";"1,118551015853882"
"S11";"7";"0,5";"2000";"16";"0,437500000000000";"1,837895810604095"
"S11";"7";"0,5";"2200";"16";"0,312500000000000";"1,167036518454552"
"S11";"7";"0,5";"2400";"16";"0,375000000000000";"1,428930580615997"
"S11";"7";"1,5";"2000";"16";"1,000000000000000";"1,094692260026932"
"S11";"7";"1,5";"2200";"16";"0,875000000000000";"1,310027256608009"
"S11";"7";"1,5";"2400";"16";"0,750000000000000";"1,396707355976105"
"S11";"9";"0,5";"2000";"16";"0,250000000000000";"1,382055953145027"
"S11";"9";"0,5";"2200";"16";"0,312500000000000";"1,169297412037849"
"S11";"9";"0,5";"2400";"16";"0,250000000000000";"1,361061409115791"
"S11";"9";"1,5";"2000";"16";"0,937500000000000";"1,226047113537788"
"S11";"9";"1,5";"2200";"16";"0,875000000000000";"1,263795986771584"
"S11";"9";"1,5";"2400";"16";"0,812500000000000";"1,224967777729034"
"S11";"11";"0,5";"2000";"16";"0,250000000000000";"2,132823407649994"
"S11";"11";"0,5";"2200";"16";"0,500000000000000";"1,465514451265335"
"S11";"11";"0,5";"2400";"16";"0,500000000000000";"1,409424051642418"
"S11";"11";"1,5";"2000";"16";"0,875000000000000";"1,294673040509224"
"S11";"11";"1,5";"2200";"16";"1,000000000000000";"1,282830521464348"
"S11";"11";"1,5";"2400";"16";"0,875000000000000";"1,181361094117165"
"S12";"1";"0,5";"2000";"16";"0,000000000000000";"1,641220390796661"
"S12";"1";"0,5";"2200";"16";"0,187500000000000";"1,131771445274353"
"S12";"1";"0,5";"2400";"16";"0,000000000000000";"1,081124246120453"
"S12";"1";"1,5";"2000";"16";"0,875000000000000";"1,176262885332108"
"S12";"1";"1,5";"2200";"16";"0,937500000000000";"1,200072422623634"
"S12";"1";"1,5";"2400";"16";"0,625000000000000";"1,183448299765587"
"S12";"3";"0,5";"2000";"16";"0,187500000000000";"1,164491817355156"
"S12";"3";"0,5";"2200";"16";"0,062500000000000";"1,037871763110161"
"S12";"3";"0,5";"2400";"16";"0,125000000000000";"1,058469206094742"
"S12";"3";"1,5";"2000";"16";"0,812500000000000";"1,232528120279312"
"S12";"3";"1,5";"2200";"16";"0,875000000000000";"1,105974435806274"
"S12";"3";"1,5";"2400";"16";"0,875000000000000";"1,112692728638649"
"S12";"5";"0,5";"2000";"16";"0,125000000000000";"1,151754528284073"
"S12";"5";"0,5";"2200";"16";"0,125000000000000";"1,826247796416283"
"S12";"5";"0,5";"2400";"16";"0,062500000000000";"1,148139104247093"
"S12";"5";"1,5";"2000";"16";"0,750000000000000";"1,112546786665916"
"S12";"5";"1,5";"2200";"16";"0,750000000000000";"1,145480409264565"
"S12";"5";"1,5";"2400";"16";"0,687500000000000";"1,222654059529305"
"S12";"7";"0,5";"2000";"16";"0,062500000000000";"1,061013236641884"
"S12";"7";"0,5";"2200";"16";"0,062500000000000";"1,147753924131393"
"S12";"7";"0,5";"2400";"16";"0,125000000000000";"1,205311253666878"
"S12";"7";"1,5";"2000";"16";"0,812500000000000";"1,275255724787712"
"S12";"7";"1,5";"2200";"16";"0,625000000000000";"1,237874895334244"
"S12";"7";"1,5";"2400";"16";"0,812500000000000";"1,152191385626793"
"S12";"9";"0,5";"2000";"16";"0,125000000000000";"1,056385874748230"
"S12";"9";"0,5";"2200";"16";"0,125000000000000";"1,181200504302979"
"S12";"9";"0,5";"2400";"16";"0,125000000000000";"1,059576034545898"
"S12";"9";"1,5";"2000";"16";"0,875000000000000";"1,726111188530922"
"S12";"9";"1,5";"2200";"16";"0,687500000000000";"1,366875544190407"
"S12";"9";"1,5";"2400";"16";"0,750000000000000";"1,158564031124115"
"S12";"11";"0,5";"2000";"16";"0,000000000000000";"1,070707231760025"
"S12";"11";"0,5";"2200";"16";"0,000000000000000";"1,100954726338387"
"S12";"11";"0,5";"2400";"16";"0,000000000000000";"1,062367141246796"
"S12";"11";"1,5";"2000";"16";"0,937500000000000";"1,258940190076828"
"S12";"11";"1,5";"2200";"16";"0,750000000000000";"1,067163988947868"
"S12";"11";"1,5";"2400";"16";"0,750000000000000";"1,101887091994286"
"S13";"1";"0,5";"2000";"16";"0,562500000000000";"1,394819393754005"
"S13";"1";"0,5";"2200";"16";"0,250000000000000";"1,139729812741280"
"S13";"1";"0,5";"2400";"16";"0,375000000000000";"1,590389341115952"
"S13";"1";"1,5";"2000";"16";"1,000000000000000";"1,326719179749489"
"S13";"1";"1,5";"2200";"16";"1,000000000000000";"1,215907201170921"
"S13";"1";"1,5";"2400";"16";"0,937500000000000";"1,405577212572098"
"S13";"3";"0,5";"2000";"16";"0,375000000000000";"1,385251447558403"
"S13";"3";"0,5";"2200";"16";"0,187500000000000";"1,439477369189262"
"S13";"3";"0,5";"2400";"16";"0,437500000000000";"1,263432294130325"
"S13";"3";"1,5";"2000";"16";"0,937500000000000";"1,440162032842636"
"S13";"3";"1,5";"2200";"16";"0,875000000000000";"1,487080961465836"
"S13";"3";"1,5";"2400";"16";"0,875000000000000";"1,597735360264778"
"S13";"5";"0,5";"2000";"16";"0,375000000000000";"1,321586087346077"
"S13";"5";"0,5";"2200";"16";"0,187500000000000";"1,137656792998314"
"S13";"5";"0,5";"2400";"16";"0,187500000000000";"1,178471475839615"
"S13";"5";"1,5";"2000";"16";"0,875000000000000";"1,492144480347633"
"S13";"5";"1,5";"2200";"16";"0,937500000000000";"1,269163012504578"
"S13";"5";"1,5";"2400";"16";"1,000000000000000";"1,106373324990273"
"S13";"7";"0,5";"2000";"16";"0,312500000000000";"1,088734671473503"
"S13";"7";"0,5";"2200";"16";"0,312500000000000";"2,482620015740395"
"S13";"7";"0,5";"2400";"16";"0,312500000000000";"1,570819824934006"
"S13";"7";"1,5";"2000";"16";"0,875000000000000";"1,514237314462662"
"S13";"7";"1,5";"2200";"16";"1,000000000000000";"1,321738630533218"
"S13";"7";"1,5";"2400";"16";"1,000000000000000";"1,251183778047562"
"S13";"9";"0,5";"2000";"16";"0,437500000000000";"1,339813724160194"
"S13";"9";"0,5";"2200";"16";"0,312500000000000";"1,664955884218216"
"S13";"9";"0,5";"2400";"16";"0,312500000000000";"1,398031160235405"
"S13";"9";"1,5";"2000";"16";"1,000000000000000";"2,054870516061783"
"S13";"9";"1,5";"2200";"16";"1,000000000000000";"1,384877577424049"
"S13";"9";"1,5";"2400";"16";"0,937500000000000";"1,322114750742912"
"S13";"11";"0,5";"2000";"16";"0,312500000000000";"1,384519785642624"
"S13";"11";"0,5";"2200";"16";"0,437500000000000";"1,065342903137207"
"S13";"11";"0,5";"2400";"16";"0,500000000000000";"1,353523179888725"
"S13";"11";"1,5";"2000";"16";"1,000000000000000";"1,206608667969704"
"S13";"11";"1,5";"2200";"16";"0,937500000000000";"1,070403918623924"
"S13";"11";"1,5";"2400";"16";"0,875000000000000";"1,286626175045967"
"S14";"1";"0,5";"2000";"16";"0,125000000000000";"1,178165271878242"
"S14";"1";"0,5";"2200";"16";"0,062500000000000";"1,131270125508308"
"S14";"1";"0,5";"2400";"16";"0,187500000000000";"1,331850439310074"
"S14";"1";"1,5";"2000";"16";"0,937500000000000";"1,143107578158379"
"S14";"1";"1,5";"2200";"16";"1,000000000000000";"1,172760903835297"
"S14";"1";"1,5";"2400";"16";"1,000000000000000";"1,112379074096680"
"S14";"3";"0,5";"2000";"16";"0,250000000000000";"1,121171906590462"
"S14";"3";"0,5";"2200";"16";"0,375000000000000";"1,285614043474197"
"S14";"3";"0,5";"2400";"16";"0,375000000000000";"1,131768777966499"
"S14";"3";"1,5";"2000";"16";"0,875000000000000";"1,103908061981201"
"S14";"3";"1,5";"2200";"16";"0,875000000000000";"1,405968710780144"
"S14";"3";"1,5";"2400";"16";"0,875000000000000";"1,186692163348198"
"S14";"5";"0,5";"2000";"16";"0,125000000000000";"1,154488727450371"
"S14";"5";"0,5";"2200";"16";"0,062500000000000";"1,147905096411705"
"S14";"5";"0,5";"2400";"16";"0,062500000000000";"1,127208709716797"
"S14";"5";"1,5";"2000";"16";"0,812500000000000";"1,249091148376465"
"S14";"5";"1,5";"2200";"16";"0,937500000000000";"1,370188891887665"
"S14";"5";"1,5";"2400";"16";"0,937500000000000";"1,175706028938293"
"S14";"7";"0,5";"2000";"16";"0,062500000000000";"1,144730031490326"
"S14";"7";"0,5";"2200";"16";"0,062500000000000";"1,221888124942780"
"S14";"7";"0,5";"2400";"16";"0,187500000000000";"1,225764945149422"
"S14";"7";"1,5";"2000";"16";"0,937500000000000";"1,193195804953575"
"S14";"7";"1,5";"2200";"16";"0,937500000000000";"1,261291310191154"
"S14";"7";"1,5";"2400";"16";"0,937500000000000";"1,181253090500832"
"S14";"9";"0,5";"2000";"16";"0,187500000000000";"1,228482455015182"
"S14";"9";"0,5";"2200";"16";"0,125000000000000";"1,156228303909302"
"S14";"9";"0,5";"2400";"16";"0,187500000000000";"1,188812360167503"
"S14";"9";"1,5";"2000";"16";"1,000000000000000";"1,196593895554543"
"S14";"9";"1,5";"2200";"16";"0,937500000000000";"1,243523359298706"
"S14";"9";"1,5";"2400";"16";"1,000000000000000";"1,215609520673752"
"S14";"11";"0,5";"2000";"16";"0,062500000000000";"1,235444799065590"
"S14";"11";"0,5";"2200";"16";"0,250000000000000";"1,156749010086060"
"S14";"11";"0,5";"2400";"16";"0,312500000000000";"1,098951205611229"
"S14";"11";"1,5";"2000";"16";"0,937500000000000";"1,208484008908272"
"S14";"11";"1,5";"2200";"16";"0,937500000000000";"1,233812868595123"
"S14";"11";"1,5";"2400";"16";"1,000000000000000";"1,130723446607590"
"S15";"1";"0,5";"2000";"16";"0,250000000000000";"1,471182540059090"
"S15";"1";"0,5";"2200";"16";"0,250000000000000";"1,340407237410545"
"S15";"1";"0,5";"2400";"16";"0,250000000000000";"1,720919325947762"
"S15";"1";"1,5";"2000";"16";"0,750000000000000";"1,410688370466232"
"S15";"1";"1,5";"2200";"16";"0,562500000000000";"1,249303683638573"
"S15";"1";"1,5";"2400";"16";"0,625000000000000";"1,242621809244156"
"S15";"3";"0,5";"2000";"16";"0,437500000000000";"1,599685236811638"
"S15";"3";"0,5";"2200";"16";"0,250000000000000";"1,313729330897331"
"S15";"3";"0,5";"2400";"16";"0,250000000000000";"1,370660945773125"
"S15";"3";"1,5";"2000";"16";"0,625000000000000";"1,205573067069054"
"S15";"3";"1,5";"2200";"16";"0,562500000000000";"1,347309812903404"
"S15";"3";"1,5";"2400";"16";"0,750000000000000";"1,209706321358681"
"S15";"5";"0,5";"2000";"16";"0,375000000000000";"1,645159229636192"
"S15";"5";"0,5";"2200";"16";"0,062500000000000";"1,239750653505325"
"S15";"5";"0,5";"2400";"16";"0,062500000000000";"3,989813312888145"
"S15";"5";"1,5";"2000";"16";"0,562500000000000";"1,223191425204277"
"S15";"5";"1,5";"2200";"16";"0,750000000000000";"1,127966478466988"
"S15";"5";"1,5";"2400";"16";"0,562500000000000";"1,374594688415527"
"S15";"7";"0,5";"2000";"16";"0,187500000000000";"1,187644258141518"
"S15";"7";"0,5";"2200";"16";"0,375000000000000";"1,311683863401413"
"S15";"7";"0,5";"2400";"16";"0,187500000000000";"1,156288474798203"
"S15";"7";"1,5";"2000";"16";"0,750000000000000";"1,411181375384331"
"S15";"7";"1,5";"2200";"16";"0,625000000000000";"1,643262311816216"
"S15";"7";"1,5";"2400";"16";"0,875000000000000";"1,310439452528954"
"S15";"9";"0,5";"2000";"16";"0,375000000000000";"1,465180933475494"
"S15";"9";"0,5";"2200";"16";"0,062500000000000";"1,185773611068726"
"S15";"9";"0,5";"2400";"16";"0,312500000000000";"1,591965049505234"
"S15";"9";"1,5";"2000";"16";"0,812500000000000";"1,508665800094604"
"S15";"9";"1,5";"2200";"16";"0,812500000000000";"1,262375369668007"
"S15";"9";"1,5";"2400";"16";"0,625000000000000";"1,409745201468468"
"S15";"11";"0,5";"2000";"16";"0,250000000000000";"1,225969761610031"
"S15";"11";"0,5";"2200";"16";"0,187500000000000";"1,558544620871544"
"S15";"11";"0,5";"2400";"16";"0,062500000000000";"1,256329789757729"
"S15";"11";"1,5";"2000";"16";"0,750000000000000";"1,247197687625885"
"S15";"11";"1,5";"2200";"16";"0,750000000000000";"1,314224347472191"
"S15";"11";"1,5";"2400";"16";"0,750000000000000";"1,461863458156586"
"S16";"1";"0,5";"2000";"16";"0,500000000000000";"1,126562848687172"
"S16";"1";"0,5";"2200";"16";"0,500000000000000";"1,121573179960251"
"S16";"1";"0,5";"2400";"16";"0,500000000000000";"1,184164851903915"
"S16";"1";"1,5";"2000";"16";"0,500000000000000";"1,401069089770317"
"S16";"1";"1,5";"2200";"16";"0,500000000000000";"1,130656346678734"
"S16";"1";"1,5";"2400";"16";"0,500000000000000";"1,156267791986465"
"S16";"3";"0,5";"2000";"16";"0,500000000000000";"1,109828859567642"
"S16";"3";"0,5";"2200";"16";"0,500000000000000";"1,140498116612434"
"S16";"3";"0,5";"2400";"16";"0,562500000000000";"1,391734287142754"
"S16";"3";"1,5";"2000";"16";"0,500000000000000";"1,200327649712563"
"S16";"3";"1,5";"2200";"16";"0,500000000000000";"1,123053088784218"
"S16";"3";"1,5";"2400";"16";"0,500000000000000";"1,203441619873047"
"S16";"5";"0,5";"2000";"16";"0,500000000000000";"1,195173934102058"
"S16";"5";"0,5";"2200";"16";"0,562500000000000";"1,294742494821548"
"S16";"5";"0,5";"2400";"16";"0,500000000000000";"1,097687572240829"
"S16";"5";"1,5";"2000";"16";"0,500000000000000";"1,245737016201019"
"S16";"5";"1,5";"2200";"16";"0,500000000000000";"1,180482670664787"
"S16";"5";"1,5";"2400";"16";"0,500000000000000";"1,103425905108452"
"S16";"7";"0,5";"2000";"16";"0,500000000000000";"1,119857415556908"
"S16";"7";"0,5";"2200";"16";"0,500000000000000";"1,168422728776932"
"S16";"7";"0,5";"2400";"16";"0,500000000000000";"1,530233830213547"
"S16";"7";"1,5";"2000";"16";"0,500000000000000";"1,113047942519188"
"S16";"7";"1,5";"2200";"16";"0,500000000000000";"1,338407754898071"
"S16";"7";"1,5";"2400";"16";"0,500000000000000";"1,165191158652306"
"S16";"9";"0,5";"2000";"16";"0,500000000000000";"1,370390459895134"
"S16";"9";"0,5";"2200";"16";"0,562500000000000";"1,179723501205444"
"S16";"9";"0,5";"2400";"16";"0,500000000000000";"1,149766758084297"
"S16";"9";"1,5";"2000";"16";"0,500000000000000";"1,473049223423004"
"S16";"9";"1,5";"2200";"16";"0,562500000000000";"1,227894619107246"
"S16";"9";"1,5";"2400";"16";"0,500000000000000";"1,233644559979439"
"S16";"11";"0,5";"2000";"16";"0,500000000000000";"1,106187105178833"
"S16";"11";"0,5";"2200";"16";"0,500000000000000";"1,199809014797211"
"S16";"11";"0,5";"2400";"16";"0,500000000000000";"1,116779699921608"
"S16";"11";"1,5";"2000";"16";"0,500000000000000";"1,223147779703140"
"S16";"11";"1,5";"2200";"16";"0,500000000000000";"1,286704003810883"
"S16";"11";"1,5";"2400";"16";"0,562500000000000";"1,551066145300865"
"S17";"1";"0,5";"2000";"16";"0,250000000000000";"1,374944165349007"
"S17";"1";"0,5";"2200";"16";"0,250000000000000";"1,291672259569168"
"S17";"1";"0,5";"2400";"16";"0,375000000000000";"1,178137138485909"
"S17";"1";"1,5";"2000";"16";"0,875000000000000";"1,764764636754990"
"S17";"1";"1,5";"2200";"16";"0,687500000000000";"1,255235105752945"
"S17";"1";"1,5";"2400";"16";"0,750000000000000";"1,142198383808136"
"S17";"3";"0,5";"2000";"16";"0,312500000000000";"1,185503557324409"
"S17";"3";"0,5";"2200";"16";"0,187500000000000";"1,393263906240463"
"S17";"3";"0,5";"2400";"16";"0,250000000000000";"1,897456184029579"
"S17";"3";"1,5";"2000";"16";"0,812500000000000";"1,267294004559517"
"S17";"3";"1,5";"2200";"16";"0,687500000000000";"1,558342054486275"
"S17";"3";"1,5";"2400";"16";"0,687500000000000";"1,297697514295578"
"S17";"5";"0,5";"2000";"16";"0,250000000000000";"1,233305379748344"
"S17";"5";"0,5";"2200";"16";"0,562500000000000";"0,993188396096230"
"S17";"5";"0,5";"2400";"16";"0,187500000000000";"1,299808993935585"
"S17";"5";"1,5";"2000";"16";"0,812500000000000";"1,200175181031227"
"S17";"5";"1,5";"2200";"16";"0,687500000000000";"1,463660016655922"
"S17";"5";"1,5";"2400";"16";"0,687500000000000";"0,991742610931396"
"S17";"7";"0,5";"2000";"16";"0,250000000000000";"1,345421478152275"
"S17";"7";"0,5";"2200";"16";"0,437500000000000";"1,121253386139870"
"S17";"7";"0,5";"2400";"16";"0,250000000000000";"1,085150316357613"
"S17";"7";"1,5";"2000";"16";"0,875000000000000";"1,197766274213791"
"S17";"7";"1,5";"2200";"16";"0,750000000000000";"1,137927547097206"
"S17";"7";"1,5";"2400";"16";"0,750000000000000";"1,357032552361488"
"S17";"9";"0,5";"2000";"16";"0,187500000000000";"1,240764558315277"
"S17";"9";"0,5";"2200";"16";"0,375000000000000";"1,337090194225311"
"S17";"9";"0,5";"2400";"16";"0,187500000000000";"1,457845658063889"
"S17";"9";"1,5";"2000";"16";"0,812500000000000";"1,340592890977859"
"S17";"9";"1,5";"2200";"16";"0,750000000000000";"1,537853732705116"
"S17";"9";"1,5";"2400";"16";"0,750000000000000";"1,326025307178497"
"S17";"11";"0,5";"2000";"16";"0,312500000000000";"1,063604027032852"
"S17";"11";"0,5";"2200";"16";"0,500000000000000";"1,240482270717621"
"S17";"11";"0,5";"2400";"16";"0,312500000000000";"1,406467899680138"
"S17";"11";"1,5";"2000";"16";"0,875000000000000";"1,432030767202377"
"S17";"11";"1,5";"2200";"16";"0,812500000000000";"1,445208668708801"
"S17";"11";"1,5";"2400";"16";"0,750000000000000";"1,449988052248955"
"S18";"1";"0,5";"2000";"16";"0,187500000000000";"1,209068536758423"
"S18";"1";"0,5";"2200";"16";"0,062500000000000";"1,187879770994186"
"S18";"1";"0,5";"2400";"16";"0,625000000000000";"1,558128237724304"
"S18";"1";"1,5";"2000";"16";"0,937500000000000";"1,071410104632378"
"S18";"1";"1,5";"2200";"16";"0,812500000000000";"1,404209062457085"
"S18";"1";"1,5";"2400";"16";"0,687500000000000";"1,332787066698074"
"S18";"3";"0,5";"2000";"16";"0,125000000000000";"1,193638071417809"
"S18";"3";"0,5";"2200";"16";"0,375000000000000";"1,358104676008224"
"S18";"3";"0,5";"2400";"16";"0,250000000000000";"1,180713161826134"
"S18";"3";"1,5";"2000";"16";"1,000000000000000";"1,239648804068565"
"S18";"3";"1,5";"2200";"16";"0,812500000000000";"1,421063780784607"
"S18";"3";"1,5";"2400";"16";"0,875000000000000";"1,340015694499016"
"S18";"5";"0,5";"2000";"16";"0,062500000000000";"1,295138761401176"
"S18";"5";"0,5";"2200";"16";"0,375000000000000";"1,899669319391251"
"S18";"5";"0,5";"2400";"16";"0,062500000000000";"1,090612649917603"
"S18";"5";"1,5";"2000";"16";"0,937500000000000";"1,338159590959549"
"S18";"5";"1,5";"2200";"16";"0,687500000000000";"1,179834991693497"
"S18";"5";"1,5";"2400";"16";"0,812500000000000";"1,417556479573250"
"S18";"7";"0,5";"2000";"16";"0,187500000000000";"1,607547953724861"
"S18";"7";"0,5";"2200";"16";"0,187500000000000";"1,181415885686874"
"S18";"7";"0,5";"2400";"16";"0,312500000000000";"1,295400455594063"
"S18";"7";"1,5";"2000";"16";"0,812500000000000";"1,295285612344742"
"S18";"7";"1,5";"2200";"16";"0,875000000000000";"1,358282938599586"
"S18";"7";"1,5";"2400";"16";"0,937500000000000";"1,561646386981010"
"S18";"9";"0,5";"2000";"16";"0,187500000000000";"1,545362755656242"
"S18";"9";"0,5";"2200";"16";"0,250000000000000";"1,296876147389412"
"S18";"9";"0,5";"2400";"16";"0,437500000000000";"1,432046964764595"
"S18";"9";"1,5";"2000";"16";"0,875000000000000";"1,264970287680626"
"S18";"9";"1,5";"2200";"16";"0,750000000000000";"1,376059189438820"
"S18";"9";"1,5";"2400";"16";"0,687500000000000";"1,195480599999428"
"S18";"11";"0,5";"2000";"16";"0,375000000000000";"1,337171658873558"
"S18";"11";"0,5";"2200";"16";"0,437500000000000";"1,247632324695587"
"S18";"11";"0,5";"2400";"16";"0,437500000000000";"1,151528567075729"
"S18";"11";"1,5";"2000";"16";"0,875000000000000";"1,258125796914101"
"S18";"11";"1,5";"2200";"16";"0,875000000000000";"1,373692989349365"
"S18";"11";"1,5";"2400";"16";"0,812500000000000";"1,317095056176186"
"S19";"1";"0,5";"2000";"19";"0,578947368421053";"1,315451521622507"
"S19";"1";"0,5";"2200";"15";"0,333333333333333";"1,501909526189168"
"S19";"1";"0,5";"2400";"17";"0,470588235294118";"1,252619210411521"
"S19";"1";"1,5";"2000";"15";"0,600000000000000";"1,408799807230632"
"S19";"1";"1,5";"2200";"14";"0,928571428571429";"1,137280821800232"
"S19";"1";"1,5";"2400";"17";"0,823529411764706";"1,150923658819760"
"S19";"3";"0,5";"2000";"17";"0,470588235294118";"1,076104079975801"
"S19";"3";"0,5";"2200";"16";"0,437500000000000";"1,229183614253998"
"S19";"3";"0,5";"2400";"15";"0,333333333333333";"1,283827018737793"
"S19";"3";"1,5";"2000";"16";"0,750000000000000";"1,295937299728394"
"S19";"3";"1,5";"2200";"14";"0,500000000000000";"1,209031854357038"
"S19";"3";"1,5";"2400";"17";"0,647058823529412";"1,055478586870081"
"S19";"5";"0,5";"2000";"17";"0,294117647058824";"1,122340398676255"
"S19";"5";"0,5";"2200";"14";"0,357142857142857";"1,203365887914385"
"S19";"5";"0,5";"2400";"17";"0,411764705882353";"1,189359931384816"
"S19";"5";"1,5";"2000";"15";"0,733333333333333";"1,061336962381999"
"S19";"5";"1,5";"2200";"17";"0,529411764705882";"1,101751425687004"
"S19";"5";"1,5";"2400";"16";"0,812500000000000";"1,390403538942337"
"S19";"7";"0,5";"2000";"18";"0,666666666666667";"1,401060197088454"
"S19";"7";"0,5";"2200";"15";"0,466666666666667";"1,277700567245483"
"S19";"7";"0,5";"2400";"13";"0,461538461538462";"1,060109707025381"
"S19";"7";"1,5";"2000";"17";"0,764705882352941";"1,565028891843908"
"S19";"7";"1,5";"2200";"17";"0,647058823529412";"1,419815933003145"
"S19";"7";"1,5";"2400";"13";"0,769230769230769";"1,385734613125141"
"S19";"9";"0,5";"2000";"18";"0,222222222222222";"1,355572779973348"
"S19";"9";"0,5";"2200";"15";"0,333333333333333";"1,168057425816854"
"S19";"9";"0,5";"2400";"15";"0,466666666666667";"1,106679757436116"
"S19";"9";"1,5";"2000";"17";"0,705882352941177";"1,429513201994054"
"S19";"9";"1,5";"2200";"19";"0,631578947368421";"1,320883462303563"
"S19";"9";"1,5";"2400";"14";"0,571428571428571";"1,555392333439418"
"S19";"11";"0,5";"2000";"18";"0,500000000000000";"1,127728846338060"
"S19";"11";"0,5";"2200";"14";"0,500000000000000";"1,326982242720468"
"S19";"11";"0,5";"2400";"15";"0,333333333333333";"1,188386710484823"
"S19";"11";"1,5";"2000";"16";"0,750000000000000";"1,118773370981216"
"S19";"11";"1,5";"2200";"17";"0,470588235294118";"1,105710632660810"
"S19";"11";"1,5";"2400";"17";"0,588235294117647";"1,165365639854880"
"S20";"1";"0,5";"2000";"16";"0,250000000000000";"1,791867285966873"
"S20";"1";"0,5";"2200";"16";"0,312500000000000";"1,560130462050438"
"S20";"1";"0,5";"2400";"16";"0,312500000000000";"1,186025798320770"
"S20";"1";"1,5";"2000";"16";"0,937500000000000";"1,759081244468689"
"S20";"1";"1,5";"2200";"16";"0,812500000000000";"1,144390016794205"
"S20";"1";"1,5";"2400";"16";"0,875000000000000";"1,237584367394447"
"S20";"3";"0,5";"2000";"16";"0,437500000000000";"1,203370437026024"
"S20";"3";"0,5";"2200";"16";"0,500000000000000";"1,484422996640205"
"S20";"3";"0,5";"2400";"16";"0,187500000000000";"1,092174217104912"
"S20";"3";"1,5";"2000";"16";"0,875000000000000";"1,311873033642769"
"S20";"3";"1,5";"2200";"16";"0,750000000000000";"1,557950496673584"
"S20";"3";"1,5";"2400";"16";"0,937500000000000";"1,403052598237991"
"S20";"5";"0,5";"2000";"16";"0,312500000000000";"2,004468902945518"
"S20";"5";"0,5";"2200";"16";"0,187500000000000";"1,616370558738708"
"S20";"5";"0,5";"2400";"16";"0,250000000000000";"2,012979850172997"
"S20";"5";"1,5";"2000";"16";"0,937500000000000";"1,381301864981651"
"S20";"5";"1,5";"2200";"16";"0,687500000000000";"1,960867047309875"
"S20";"5";"1,5";"2400";"16";"0,937500000000000";"1,789898172020912"
"S20";"7";"0,5";"2000";"16";"0,250000000000000";"1,827476441860199"
"S20";"7";"0,5";"2200";"16";"0,125000000000000";"1,198168024420738"
"S20";"7";"0,5";"2400";"16";"0,312500000000000";"1,324091181159019"
"S20";"7";"1,5";"2000";"16";"0,875000000000000";"1,156043902039528"
"S20";"7";"1,5";"2200";"16";"1,000000000000000";"1,702509194612503"
"S20";"7";"1,5";"2400";"16";"0,937500000000000";"1,361371442675591"
"S20";"9";"0,5";"2000";"16";"0,375000000000000";"1,314816907048225"
"S20";"9";"0,5";"2200";"16";"0,250000000000000";"1,532516762614250"
"S20";"9";"0,5";"2400";"16";"0,312500000000000";"1,363125637173653"
"S20";"9";"1,5";"2000";"16";"0,812500000000000";"1,088647857308388"
"S20";"9";"1,5";"2200";"16";"0,875000000000000";"1,744064450263977"
"S20";"9";"1,5";"2400";"16";"0,812500000000000";"1,378716826438904"
"S20";"11";"0,5";"2000";"16";"0,375000000000000";"1,489034920930862"
"S20";"11";"0,5";"2200";"16";"0,187500000000000";"1,728415012359619"
"S20";"11";"0,5";"2400";"16";"0,125000000000000";"1,953593239188194"
"S20";"11";"1,5";"2000";"16";"1,000000000000000";"1,218784645199776"
"S20";"11";"1,5";"2200";"16";"0,875000000000000";"1,046608597040176"
"S20";"11";"1,5";"2400";"16";"1,000000000000000";"1,244521051645279"
"S21";"1";"0,5";"2000";"16";"0,187500000000000";"1,358270898461342"
"S21";"1";"0,5";"2200";"16";"0,500000000000000";"1,459658816456795"
"S21";"1";"0,5";"2400";"16";"0,187500000000000";"1,422442525625229"
"S21";"1";"1,5";"2000";"16";"0,875000000000000";"1,309817224740982"
"S21";"1";"1,5";"2200";"16";"1,000000000000000";"1,239800199866295"
"S21";"1";"1,5";"2400";"16";"1,000000000000000";"1,508082270622253"
"S21";"3";"0,5";"2000";"16";"0,000000000000000";"1,303031608462334"
"S21";"3";"0,5";"2200";"16";"0,187500000000000";"1,328250616788864"
"S21";"3";"0,5";"2400";"16";"0,375000000000000";"1,171185299754143"
"S21";"3";"1,5";"2000";"16";"1,000000000000000";"1,185693383216858"
"S21";"3";"1,5";"2200";"16";"1,000000000000000";"1,236623466014862"
"S21";"3";"1,5";"2400";"16";"0,937500000000000";"1,545965045690536"
"S21";"5";"0,5";"2000";"16";"0,250000000000000";"1,405490621924400"
"S21";"5";"0,5";"2200";"16";"0,062500000000000";"1,431364238262177"
"S21";"5";"0,5";"2400";"16";"0,312500000000000";"1,434048101305962"
"S21";"5";"1,5";"2000";"16";"0,937500000000000";"1,322599753737450"
"S21";"5";"1,5";"2200";"16";"0,937500000000000";"1,236268296837807"
"S21";"5";"1,5";"2400";"16";"0,937500000000000";"1,325632676482201"
"S21";"7";"0,5";"2000";"16";"0,375000000000000";"1,503163874149323"
"S21";"7";"0,5";"2200";"16";"0,187500000000000";"1,269123330712318"
"S21";"7";"0,5";"2400";"16";"0,125000000000000";"1,517563402652740"
"S21";"7";"1,5";"2000";"16";"1,000000000000000";"1,241368204355240"
"S21";"7";"1,5";"2200";"16";"0,937500000000000";"1,274138689041138"
"S21";"7";"1,5";"2400";"16";"0,937500000000000";"1,430448710918427"
"S21";"9";"0,5";"2000";"16";"0,187500000000000";"1,199231117963791"
"S21";"9";"0,5";"2200";"16";"0,312500000000000";"1,512263670563698"
"S21";"9";"0,5";"2400";"16";"0,187500000000000";"1,430476441979408"
"S21";"9";"1,5";"2000";"16";"1,000000000000000";"1,405737295746803"
"S21";"9";"1,5";"2200";"16";"0,937500000000000";"1,477053910493851"
"S21";"9";"1,5";"2400";"16";"0,937500000000000";"1,359226927161217"
"S21";"11";"0,5";"2000";"16";"0,000000000000000";"1,345634773373604"
"S21";"11";"0,5";"2200";"16";"0,187500000000000";"1,313412502408028"
"S21";"11";"0,5";"2400";"16";"0,125000000000000";"1,508355796337128"
"S21";"11";"1,5";"2000";"16";"0,937500000000000";"1,372540488839149"
"S21";"11";"1,5";"2200";"16";"1,000000000000000";"1,212685465812683"
"S21";"11";"1,5";"2400";"16";"1,000000000000000";"1,127013325691223"
"S22";"1";"0,5";"2000";"16";"0,187500000000000";"1,490924984216690"
"S22";"1";"0,5";"2200";"16";"0,187500000000000";"1,922266036272049"
"S22";"1";"0,5";"2400";"16";"0,125000000000000";"1,421462625265121"
"S22";"1";"1,5";"2000";"16";"0,750000000000000";"2,049253731966019"
"S22";"1";"1,5";"2200";"16";"0,625000000000000";"1,611040025949478"
"S22";"1";"1,5";"2400";"16";"0,812500000000000";"1,579371854662895"
"S22";"3";"0,5";"2000";"16";"0,250000000000000";"1,823944061994553"
"S22";"3";"0,5";"2200";"16";"0,125000000000000";"1,845897957682610"
"S22";"3";"0,5";"2400";"16";"0,250000000000000";"2,074605897068977"
"S22";"3";"1,5";"2000";"16";"0,750000000000000";"1,482973888516426"
"S22";"3";"1,5";"2200";"16";"0,625000000000000";"1,736035227775574"
"S22";"3";"1,5";"2400";"16";"0,562500000000000";"2,088280409574509"
"S22";"5";"0,5";"2000";"16";"0,125000000000000";"2,019051983952522"
"S22";"5";"0,5";"2200";"16";"0,250000000000000";"1,515953242778778"
"S22";"5";"0,5";"2400";"16";"0,125000000000000";"2,070282995700836"
"S22";"5";"1,5";"2000";"16";"0,625000000000000";"1,837754338979721"
"S22";"5";"1,5";"2200";"16";"0,625000000000000";"1,684551045298576"
"S22";"5";"1,5";"2400";"16";"0,687500000000000";"1,454605311155319"
"S22";"7";"0,5";"2000";"16";"0,250000000000000";"1,947965800762177"
"S22";"7";"0,5";"2200";"16";"0,125000000000000";"1,463969975709915"
"S22";"7";"0,5";"2400";"16";"0,125000000000000";"1,098406180739403"
"S22";"7";"1,5";"2000";"16";"0,625000000000000";"1,684332981705666"
"S22";"7";"1,5";"2200";"16";"0,625000000000000";"1,290815860033035"
"S22";"7";"1,5";"2400";"16";"0,437500000000000";"1,552283763885498"
"S22";"9";"0,5";"2000";"16";"0,125000000000000";"2,442661121487617"
"S22";"9";"0,5";"2200";"16";"0,125000000000000";"1,217298820614815"
"S22";"9";"0,5";"2400";"16";"0,125000000000000";"1,741252377629280"
"S22";"9";"1,5";"2000";"16";"0,625000000000000";"2,123669862747192"
"S22";"9";"1,5";"2200";"16";"0,750000000000000";"2,164486855268478"
"S22";"9";"1,5";"2400";"16";"0,562500000000000";"1,336383640766144"
"S22";"11";"0,5";"2000";"16";"0,375000000000000";"1,749282687902451"
"S22";"11";"0,5";"2200";"16";"0,250000000000000";"1,531501069664955"
"S22";"11";"0,5";"2400";"16";"0,125000000000000";"1,706299051642418"
"S22";"11";"1,5";"2000";"16";"0,625000000000000";"1,628847390413284"
"S22";"11";"1,5";"2200";"16";"0,625000000000000";"1,649083495140076"
"S22";"11";"1,5";"2400";"16";"0,687500000000000";"1,638487964868546"
